part_no,loop,x,y,point_kind,label,abs_dev_s5,abs_dev_s15,abs_dev_s40,grad_s5,grad_s15,grad_s40,dist_sign_boundary,dist_edge,local_std,rule_strength
64XX2,product_outer,967.0,535.0,exact,1,2.0,1.8399467468261719,1.4349108934402466,0.0006961852195672691,1.9926937818527222,1.7841068506240845,59.420623779296875,0.0,0.0,9.9
64XX2,product_outer,345.66667,172.66667,interpolated,0,0.10177046060562134,0.019552268087863922,0.3544226586818695,2.806020498275757,1.9664493799209595,1.4992817640304565,0.9549999833106995,25.78499984741211,0.25100177526474,0.2
64XX2,product_outer,293.57143,207.42857,interpolated,0,0.1682562530040741,0.06809503585100174,0.15554684400558472,2.6898651123046875,0.7049511671066284,0.73228520154953,7.801499843597412,66.85006713867188,0.2052619606256485,0.2
64XX2,product_outer,201.66667,262.66667,interpolated,0,0.3608521521091461,0.31980079412460327,0.25384581089019775,1.8713889122009277,1.099738359451294,1.6607929468154907,17.190000534057617,5.730000019073486,0.41987451910972595,0.1
64XX2,product_outer,185.30769,266.76923,interpolated,0,0.36437180638313293,0.04800796136260033,0.5215182900428772,2.956214666366577,4.5512166023254395,2.309382915496826,0.9549999833106995,5.062900066375732,0.7649030685424805,0.1
64XX2,product_outer,126.32,527.72,interpolated,0,2.0,1.999999761581421,1.9876781702041626,0.0,2.6226043701171875e-06,0.065291628241539,155.88955688476562,0.0,0.0,0.9
64XX2,product_outer,382.33333,536.22222,interpolated,1,2.0,1.8133831024169922,1.4755017757415771,1.2779324606526643e-05,2.0772783756256104,1.6642860174179077,72.82573699951172,0.0,0.0,0.2
64XX2,product_outer,1122.93333,528.06667,interpolated,0,2.0,1.983837366104126,1.9253811836242676,0.0,0.22675877809524536,0.24135760962963104,128.61614990234375,0.0,0.0,0.7
64XX2,product_outer,1130.07692,502.61538,interpolated,0,2.0,1.959449291229248,1.8708808422088623,8.559857633372303e-06,0.5817970633506775,0.4221603572368622,101.84101104736328,0.0,0.0,0.6
64XX2,product_outer,1130.33333,446.33333,interpolated,0,1.4037917852401733,1.704965353012085,1.4331920146942139,6.995977401733398,1.4938551187515259,1.6703959703445435,47.405906677246094,0.0,0.9373845458030701,0.1
64XX2,product_outer,982.33333,234.33333,interpolated,1,0.013690858148038387,0.06479927897453308,0.24976631999015808,4.361732482910156,1.3913874626159668,0.3374275267124176,8.88290023803711,3.2792999744415283,0.2857990562915802,0.1
64XX2,product_outer,920.0,173.375,interpolated,1,0.33766409754753113,0.12246301770210266,0.40042373538017273,3.854599952697754,0.8506486415863037,1.4141781330108643,18.180099487304688,34.3800048828125,0.28147539496421814,0.3
67XX6,nested_shell_1,409.84211,157.52632,interpolated,1,0.055612944066524506,0.2327095866203308,0.38387057185173035,6.266007423400879,2.82267427444458,0.1540834605693817,12.414999961853027,1.3693000078201294,0.5125862956047058,0.4
67XX6,nested_shell_1,1455.44444,412.22222,interpolated,0,0.999484658241272,0.9800156950950623,0.9432274103164673,0.04090232029557228,0.25199946761131287,0.054302576929330826,246.29798889160156,0.0,0.023958144709467888,0.8
67XX6,nested_shell_1,1448.3,760.4,interpolated,0,0.9964808225631714,0.9551821947097778,0.9194042086601257,0.27786609530448914,0.28541964292526245,0.10537555068731308,248.9734649658203,0.0,0.31091833114624023,0.3
67XX6,nested_shell_1,315.28571,851.71429,interpolated,1,0.525672197341919,0.4771246910095215,0.14567025005817413,1.87269926071167,0.36457136273384094,0.5855711102485657,41.06501770019531,4.234300136566162,0.1238367035984993,0.1
67XX6,nested_shell_2,511.28571,199.19048,interpolated,1,0.3153572678565979,0.3042885363101959,0.3465525805950165,1.0971949100494385,0.939915657043457,0.7969823479652405,34.23250961303711,34.380001068115234,0.08563543111085892,0.1
67XX6,nested_shell_2,1047.4,199.0,interpolated,0,0.3887045681476593,0.2645655870437622,0.1266641616821289,0.9434251189231873,0.6788853406906128,0.16049866378307343,17.800901412963867,12.414999961853027,0.1021566241979599,0.2
67XX6,nested_shell_2,1300.77778,199.44444,interpolated,1,0.03366202488541603,0.02245909348130226,0.19880545139312744,0.7238369584083557,0.20120297372341156,0.16758760809898376,14.324999809265137,17.190000534057617,0.049774494022130966,0.2
67XX6,nested_shell_2,1431.4,583.1,interpolated,0,1.0,0.9942665100097656,0.9535921812057495,0.0,0.0036092784721404314,0.025987548753619194,331.35528564453125,0.0,0.0,0.3
67XX6,nested_shell_2,1128.17647,813.0,interpolated,0,0.11190146207809448,0.09115961939096451,0.08938158303499222,2.5800609588623047,1.8129336833953857,0.8330174684524536,5.477200031280518,14.324999809265137,0.24533939361572266,0.3
67XX6,nested_shell_2,1064.14286,814.28571,interpolated,0,0.31252217292785645,0.3299330472946167,0.011799411848187447,3.3170130252838135,1.5049688816070557,0.714884877204895,32.161006927490234,0.0,0.3484687805175781,0.3
67XX6,nested_shell_2,978.0,819.0,interpolated,0,0.3385973274707794,0.2313263863325119,0.05855986103415489,8.235871315002441,2.6062848567962646,0.25129181146621704,12.414999961853027,0.0,0.6577501893043518,0.4
67XX6,nested_shell_2,357.75,802.0,interpolated,1,0.05658762529492378,0.02567390911281109,0.11909670382738113,1.5496028661727905,1.3371572494506836,1.317657232284546,1.3693000078201294,3.819999933242798,0.15456783771514893,0.1
67XX6,nested_shell_3,494.0,231.0,interpolated,0,0.4609155058860779,0.5690145492553711,0.6014742851257324,0.8484817743301392,1.508285403251648,0.9318655133247375,66.68142700195312,8.595000267028809,0.25266119837760925,0.5
67XX6,nested_shell_3,1057.88889,232.55556,interpolated,0,0.4743316173553467,0.006395831238478422,0.2822106182575226,5.604135036468506,3.9169392585754395,1.2282658815383911,0.0,6.684999942779541,0.7297946810722351,0.4
67XX6,nested_shell_3,1305.57143,231.42857,interpolated,1,0.0082772895693779,0.16526556015014648,0.345379114151001,4.358569145202637,2.4972567558288574,0.9427850246429443,12.414999961853027,2.738600015640259,0.3984893560409546,0.1
67XX6,nested_shell_3,1403.0,435.33333,interpolated,0,0.9999890327453613,0.9814547300338745,0.9307808876037598,0.001148212468251586,0.09276783466339111,0.09444954991340637,246.719482421875,1.909999966621399,0.0,0.1
67XX6,nested_shell_3,992.25,781.25,interpolated,0,0.15289491415023804,0.20439958572387695,0.3303210735321045,6.925437927246094,3.604363203048706,1.377072811126709,35.622901916503906,0.0,0.6124856472015381,0.1
67XX6,nested_shell_3,412.23077,774.38462,interpolated,1,0.680942714214325,0.6372866630554199,0.620899498462677,7.997189998626709,2.4728994369506836,1.0673447847366333,50.249820709228516,0.0,0.4152677655220032,0.3
71XX2,product_outer,663.0,523.0,exact,1,0.12636040151119232,0.42599648237228394,0.5248315930366516,2.5420796871185303,1.9660298824310303,0.9492843747138977,262.2940368652344,0.0,0.4796516001224518,9.9
71XX2,product_outer,590.0,321.0,exact,0,0.009608221240341663,0.29055583477020264,0.4688086211681366,2.644481897354126,2.438735008239746,1.0117161273956299,98.36499786376953,0.0,0.4985564947128296,9.9
71XX2,product_outer,129.90909,412.18182,interpolated,0,0.15329118072986603,0.3261028230190277,0.4715590476989746,5.316575527191162,2.8949482440948486,1.085404872894287,18.755901336669922,4.775000095367432,0.46816614270210266,0.1
71XX2,product_outer,342.75,508.75,interpolated,1,0.2118930220603943,0.44915372133255005,0.519257128238678,6.197634696960449,2.2164292335510254,0.8056057691574097,176.2184295654297,4.775000095367432,0.4587307572364807,0.1
71XX2,product_outer,956.75,539.25,interpolated,0,0.24111337959766388,0.5202574133872986,0.6475273966789246,3.5041277408599854,1.3019078969955444,0.6082438230514526,446.5509033203125,5.730000019073486,0.4571439027786255,0.1
71XX2,product_outer,1096.14286,420.71429,interpolated,0,0.20482614636421204,0.3505482077598572,0.5776921510696411,6.124966144561768,2.67121958732605,0.8849753737449646,391.4490661621094,3.6935999393463135,0.4967597424983978,0.3
71XX2,product_outer,997.4,399.6,interpolated,0,0.10354463756084442,0.31290915608406067,0.4419845938682556,0.4578320384025574,2.2302374839782715,0.8361033201217651,330.37921142578125,9.009300231933594,0.43845632672309875,0.2
71XX2,product_outer,853.33333,370.33333,interpolated,0,0.11249777674674988,0.3919669985771179,0.5368102788925171,3.8461179733276367,2.343532085418701,0.8444961309432983,259.7603759765625,6.684999942779541,0.477157860994339,0.1
